epoch,train_loss,train_acc,train_precision_pos,train_precision_neg,train_recall_pos,train_recall_neg,train_F1_pos,train_F1_neg,train_AUC,val_loss,val_acc,val_precision_pos,val_precision_neg,val_recall_pos,val_recall_neg,val_F1_pos,val_F1_neg,val_AUC,test_loss,test_acc,test_precision_pos,test_precision_neg,test_recall_pos,test_recall_neg,test_F1_pos,test_F1_neg,test_AUC
1,0.4458134314235376,79.1164779663086,0.07184416800737381,0.8891953229904175,0.08118925243616104,0.8754624724388123,0.07623137533664703,0.8822755217552185,0.5656196515597783,0.0,0.0,0.0,0.0,0.0,0.0,0.0,0.0,0.0,0.0,0.0,0.0,0.0,0.0,0.0,0.0,0.0,0.0
2,0.3173606704388346,88.24903869628906,0.34939759969711304,0.9034180641174316,0.12435677647590637,0.972506046295166,0.18342821300029755,0.9366898536682129,0.7627649302489018,0.0,0.0,0.0,0.0,0.0,0.0,0.0,0.0,0.0,0.0,0.0,0.0,0.0,0.0,0.0,0.0,0.0,0.0
